"Part";"Value";"Device";"Package";"Description";"CURRENT";"DESCRIPTION";"HEIGHT";"INDUCTANCE";"MANUFACTURER_NAME";"MANUFACTURER_PART_NUMBER";"MF";"MOUSER_PART_NUMBER";"MOUSER_PRICE-STOCK";"MPN";"OC_FARNELL";"OC_NEWARK";"PN";"RS_PART_NUMBER";"RS_PRICE-STOCK";"TP_SIGNAL_NAME";"VALUE";"VOLATAGE";
"C1";"100p";"C-USC0603K";"C0603K";"CAPACITOR, American symbol";"";"";"";"";"";"";"";"";"";"";"";"";"";"";"";"";"";"";
"C2";"0.1u";"C-USC0603K";"C0603K";"CAPACITOR, American symbol";"";"";"";"";"";"";"";"";"";"";"";"";"";"";"";"";"";"";
"C3";"100p";"C-USC0603K";"C0603K";"CAPACITOR, American symbol";"";"";"";"";"";"";"";"";"";"";"";"";"";"";"";"";"";"";
"C4";"8p";"C-USC0603K";"C0603K";"CAPACITOR, American symbol";"";"";"";"";"";"";"";"";"";"";"";"";"";"";"";"";"";"";
"C5";"12p";"C-USC0603K";"C0603K";"CAPACITOR, American symbol";"";"";"";"";"";"";"";"";"";"";"";"";"";"";"";"";"";"";
"C6";"0.1u";"C-USC0603K";"C0603K";"CAPACITOR, American symbol";"";"";"";"";"";"";"";"";"";"";"";"";"";"";"";"";"";"";
"C7";"100p";"C-USC0603K";"C0603K";"CAPACITOR, American symbol";"";"";"";"";"";"";"";"";"";"";"";"";"";"";"";"";"";"";
"C8";"8p";"C-USC0603K";"C0603K";"CAPACITOR, American symbol";"";"";"";"";"";"";"";"";"";"";"";"";"";"";"";"";"";"";
"C9";"12p";"C-USC0603K";"C0603K";"CAPACITOR, American symbol";"";"";"";"";"";"";"";"";"";"";"";"";"";"";"";"";"";"";
"C10";"0.1u";"C-USC0603K";"C0603K";"CAPACITOR, American symbol";"";"";"";"";"";"";"";"";"";"";"";"";"";"";"";"";"";"";
"C11";"100p";"C-USC0603K";"C0603K";"CAPACITOR, American symbol";"";"";"";"";"";"";"";"";"";"";"";"";"";"";"";"";"";"";
"C12";"8p";"C-USC0603K";"C0603K";"CAPACITOR, American symbol";"";"";"";"";"";"";"";"";"";"";"";"";"";"";"";"";"";"";
"C13";"12p";"C-USC0603K";"C0603K";"CAPACITOR, American symbol";"";"";"";"";"";"";"";"";"";"";"";"";"";"";"";"";"";"";
"C14";"100p";"C-USC0603K";"C0603K";"CAPACITOR, American symbol";"";"";"";"";"";"";"";"";"";"";"";"";"";"";"";"";"";"";
"C15";"0.1u";"C-USC0603K";"C0603K";"CAPACITOR, American symbol";"";"";"";"";"";"";"";"";"";"";"";"";"";"";"";"";"";"";
"C16";"100p";"C-USC0603K";"C0603K";"CAPACITOR, American symbol";"";"";"";"";"";"";"";"";"";"";"";"";"";"";"";"";"";"";
"C17";"100p";"C-USC0603K";"C0603K";"CAPACITOR, American symbol";"";"";"";"";"";"";"";"";"";"";"";"";"";"";"";"";"";"";
"C18";"100p";"C-USC0603K";"C0603K";"CAPACITOR, American symbol";"";"";"";"";"";"";"";"";"";"";"";"";"";"";"";"";"";"";
"C19";"0.1u";"C-USC0603K";"C0603K";"CAPACITOR, American symbol";"";"";"";"";"";"";"";"";"";"";"";"";"";"";"";"";"";"";
"C20";"100p";"C-USC0603K";"C0603K";"CAPACITOR, American symbol";"";"";"";"";"";"";"";"";"";"";"";"";"";"";"";"";"";"";
"C21";"100p";"C-USC0603K";"C0603K";"CAPACITOR, American symbol";"";"";"";"";"";"";"";"";"";"";"";"";"";"";"";"";"";"";
"C22";"100p";"C-USC0603K";"C0603K";"CAPACITOR, American symbol";"";"";"";"";"";"";"";"";"";"";"";"";"";"";"";"";"";"";
"C23";"0.1u";"C-USC0603K";"C0603K";"CAPACITOR, American symbol";"";"";"";"";"";"";"";"";"";"";"";"";"";"";"";"";"";"";
"C24";"100p";"C-USC0603K";"C0603K";"CAPACITOR, American symbol";"";"";"";"";"";"";"";"";"";"";"";"";"";"";"";"";"";"";
"C25";"100p";"C-USC0603K";"C0603K";"CAPACITOR, American symbol";"";"";"";"";"";"";"";"";"";"";"";"";"";"";"";"";"";"";
"C26";"100p";"C-USC0603K";"C0603K";"CAPACITOR, American symbol";"";"";"";"";"";"";"";"";"";"";"";"";"";"";"";"";"";"";
"C27";"0.1u";"C-USC0603K";"C0603K";"CAPACITOR, American symbol";"";"";"";"";"";"";"";"";"";"";"";"";"";"";"";"";"";"";
"C28";"100p";"C-USC0603K";"C0603K";"CAPACITOR, American symbol";"";"";"";"";"";"";"";"";"";"";"";"";"";"";"";"";"";"";
"C29";"100p";"C-USC0603K";"C0603K";"CAPACITOR, American symbol";"";"";"";"";"";"";"";"";"";"";"";"";"";"";"";"";"";"";
"C30";"100p";"C-USC0603K";"C0603K";"CAPACITOR, American symbol";"";"";"";"";"";"";"";"";"";"";"";"";"";"";"";"";"";"";
"C31";"0.1u";"C-USC0603K";"C0603K";"CAPACITOR, American symbol";"";"";"";"";"";"";"";"";"";"";"";"";"";"";"";"";"";"";
"C32";"100p";"C-USC0603K";"C0603K";"CAPACITOR, American symbol";"";"";"";"";"";"";"";"";"";"";"";"";"";"";"";"";"";"";
"C33";"100p";"C-USC0603K";"C0603K";"CAPACITOR, American symbol";"";"";"";"";"";"";"";"";"";"";"";"";"";"";"";"";"";"";
"C34";"100p";"C-USC0603K";"C0603K";"CAPACITOR, American symbol";"";"";"";"";"";"";"";"";"";"";"";"";"";"";"";"";"";"";
"C35";"0.1u";"C-USC0603K";"C0603K";"CAPACITOR, American symbol";"";"";"";"";"";"";"";"";"";"";"";"";"";"";"";"";"";"";
"C36";"100p";"C-USC0603K";"C0603K";"CAPACITOR, American symbol";"";"";"";"";"";"";"";"";"";"";"";"";"";"";"";"";"";"";
"C37";"100p";"C-USC0603K";"C0603K";"CAPACITOR, American symbol";"";"";"";"";"";"";"";"";"";"";"";"";"";"";"";"";"";"";
"C38";"4.2p";"C-USC0603K";"C0603K";"CAPACITOR, American symbol";"";"";"";"";"";"";"";"";"";"";"";"";"";"";"";"";"";"";
"C39";"650p";"C-USC0603K";"C0603K";"CAPACITOR, American symbol";"";"";"";"";"";"";"";"";"";"";"";"";"";"";"";"";"";"";
"C40";"0.1u";"C-USC0603K";"C0603K";"CAPACITOR, American symbol";"";"";"";"";"";"";"";"";"";"";"";"";"";"";"";"";"";"";
"C41";"100p";"C-USC0603K";"C0603K";"CAPACITOR, American symbol";"";"";"";"";"";"";"";"";"";"";"";"";"";"";"";"";"";"";
"C42";"100p";"C-USC0603K";"C0603K";"CAPACITOR, American symbol";"";"";"";"";"";"";"";"";"";"";"";"";"";"";"";"";"";"";
"C43";"1.3p";"C-USC0603K";"C0603K";"CAPACITOR, American symbol";"";"";"";"";"";"";"";"";"";"";"";"";"";"";"";"";"";"";
"C44";"0.1u";"C-USC0603K";"C0603K";"CAPACITOR, American symbol";"";"";"";"";"";"";"";"";"";"";"";"";"";"";"";"";"";"";
"C45";"100p";"C-USC0603K";"C0603K";"CAPACITOR, American symbol";"";"";"";"";"";"";"";"";"";"";"";"";"";"";"";"";"";"";
"C46";"650p";"C-USC0603K";"C0603K";"CAPACITOR, American symbol";"";"";"";"";"";"";"";"";"";"";"";"";"";"";"";"";"";"";
"C47";"4.2p";"C-USC0603K";"C0603K";"CAPACITOR, American symbol";"";"";"";"";"";"";"";"";"";"";"";"";"";"";"";"";"";"";
"C48";"650p";"C-USC0603K";"C0603K";"CAPACITOR, American symbol";"";"";"";"";"";"";"";"";"";"";"";"";"";"";"";"";"";"";
"C49";"1.3p";"C-USC0603K";"C0603K";"CAPACITOR, American symbol";"";"";"";"";"";"";"";"";"";"";"";"";"";"";"";"";"";"";
"C50";"4.2p";"C-USC0603K";"C0603K";"CAPACITOR, American symbol";"";"";"";"";"";"";"";"";"";"";"";"";"";"";"";"";"";"";
"C51";"650p";"C-USC0603K";"C0603K";"CAPACITOR, American symbol";"";"";"";"";"";"";"";"";"";"";"";"";"";"";"";"";"";"";
"C52";"650p";"C-USC0603K";"C0603K";"CAPACITOR, American symbol";"";"";"";"";"";"";"";"";"";"";"";"";"";"";"";"";"";"";
"C53";"470n";"C-USC0603K";"C0603K";"CAPACITOR, American symbol";"";"";"";"";"";"";"";"";"";"";"";"";"";"";"";"";"";"";
"C54";"470n";"C-USC0603K";"C0603K";"CAPACITOR, American symbol";"";"";"";"";"";"";"";"";"";"";"";"";"";"";"";"";"";"";
"C55";"NFM21PS106B0J3D";"NFM21PS";"NFM21PS";"";"";"";"";"";"";"";"";"";"";"";"";"";"";"";"";"";"";"";
"C56";"NFM21PS106B0J3D";"NFM21PS";"NFM21PS";"";"";"";"";"";"";"";"";"";"";"";"";"";"";"";"";"";"";"";
"C57";"100p";"C-USC0603K";"C0603K";"CAPACITOR, American symbol";"";"";"";"";"";"";"";"";"";"";"";"";"";"";"";"";"";"";
"C58";"470n";"C-USC0603K";"C0603K";"CAPACITOR, American symbol";"";"";"";"";"";"";"";"";"";"";"";"";"";"";"";"";"";"";
"C59";"470n";"C-USC0603K";"C0603K";"CAPACITOR, American symbol";"";"";"";"";"";"";"";"";"";"";"";"";"";"";"";"";"";"";
"C60";"NFM21PS106B0J3D";"NFM21PS";"NFM21PS";"";"";"";"";"";"";"";"";"";"";"";"";"";"";"";"";"";"";"";
"C61";"NFM21PS106B0J3D";"NFM21PS";"NFM21PS";"";"";"";"";"";"";"";"";"";"";"";"";"";"";"";"";"";"";"";
"C62";"470n";"C-USC0603K";"C0603K";"CAPACITOR, American symbol";"";"";"";"";"";"";"";"";"";"";"";"";"";"";"";"";"";"";
"C63";"470n";"C-USC0603K";"C0603K";"CAPACITOR, American symbol";"";"";"";"";"";"";"";"";"";"";"";"";"";"";"";"";"";"";
"C64";"NFM21PS106B0J3D";"NFM21PS";"NFM21PS";"";"";"";"";"";"";"";"";"";"";"";"";"";"";"";"";"";"";"";
"C65";"NFM21PS106B0J3D";"NFM21PS";"NFM21PS";"";"";"";"";"";"";"";"";"";"";"";"";"";"";"";"";"";"";"";
"C66";"470n";"C-USC0603K";"C0603K";"CAPACITOR, American symbol";"";"";"";"";"";"";"";"";"";"";"";"";"";"";"";"";"";"";
"C67";"470n";"C-USC0603K";"C0603K";"CAPACITOR, American symbol";"";"";"";"";"";"";"";"";"";"";"";"";"";"";"";"";"";"";
"C68";"NFM21PS106B0J3D";"NFM21PS";"NFM21PS";"";"";"";"";"";"";"";"";"";"";"";"";"";"";"";"";"";"";"";
"C69";"NFM21PS106B0J3D";"NFM21PS";"NFM21PS";"";"";"";"";"";"";"";"";"";"";"";"";"";"";"";"";"";"";"";
"C70";"470n";"C-USC0603K";"C0603K";"CAPACITOR, American symbol";"";"";"";"";"";"";"";"";"";"";"";"";"";"";"";"";"";"";
"C71";"470n";"C-USC0603K";"C0603K";"CAPACITOR, American symbol";"";"";"";"";"";"";"";"";"";"";"";"";"";"";"";"";"";"";
"C72";"4.2p";"C-USC0603K";"C0603K";"CAPACITOR, American symbol";"";"";"";"";"";"";"";"";"";"";"";"";"";"";"";"";"";"";
"C73";"650p";"C-USC0603K";"C0603K";"CAPACITOR, American symbol";"";"";"";"";"";"";"";"";"";"";"";"";"";"";"";"";"";"";
"C74";"NFM21PS106B0J3D";"NFM21PS";"NFM21PS";"";"";"";"";"";"";"";"";"";"";"";"";"";"";"";"";"";"";"";
"C75";"NFM21PS106B0J3D";"NFM21PS";"NFM21PS";"";"";"";"";"";"";"";"";"";"";"";"";"";"";"";"";"";"";"";
"C76";"470n";"C-USC0603K";"C0603K";"CAPACITOR, American symbol";"";"";"";"";"";"";"";"";"";"";"";"";"";"";"";"";"";"";
"C77";"470n";"C-USC0603K";"C0603K";"CAPACITOR, American symbol";"";"";"";"";"";"";"";"";"";"";"";"";"";"";"";"";"";"";
"C78";"NFM21PS106B0J3D";"NFM21PS";"NFM21PS";"";"";"";"";"";"";"";"";"";"";"";"";"";"";"";"";"";"";"";
"C79";"NFM21PS106B0J3D";"NFM21PS";"NFM21PS";"";"";"";"";"";"";"";"";"";"";"";"";"";"";"";"";"";"";"";
"C80";"470n";"C-USC0603K";"C0603K";"CAPACITOR, American symbol";"";"";"";"";"";"";"";"";"";"";"";"";"";"";"";"";"";"";
"C81";"470n";"C-USC0603K";"C0603K";"CAPACITOR, American symbol";"";"";"";"";"";"";"";"";"";"";"";"";"";"";"";"";"";"";
"C82";"NFM21PS106B0J3D";"NFM21PS";"NFM21PS";"";"";"";"";"";"";"";"";"";"";"";"";"";"";"";"";"";"";"";
"C83";"NFM21PS106B0J3D";"NFM21PS";"NFM21PS";"";"";"";"";"";"";"";"";"";"";"";"";"";"";"";"";"";"";"";
"C84";"470n";"C-USC0603K";"C0603K";"CAPACITOR, American symbol";"";"";"";"";"";"";"";"";"";"";"";"";"";"";"";"";"";"";
"C85";"470n";"C-USC0603K";"C0603K";"CAPACITOR, American symbol";"";"";"";"";"";"";"";"";"";"";"";"";"";"";"";"";"";"";
"C86";"NFM21PS106B0J3D";"NFM21PS";"NFM21PS";"";"";"";"";"";"";"";"";"";"";"";"";"";"";"";"";"";"";"";
"C87";"NFM21PS106B0J3D";"NFM21PS";"NFM21PS";"";"";"";"";"";"";"";"";"";"";"";"";"";"";"";"";"";"";"";
"C88";"470n";"C-USC0603K";"C0603K";"CAPACITOR, American symbol";"";"";"";"";"";"";"";"";"";"";"";"";"";"";"";"";"";"";
"C89";"470n";"C-USC0603K";"C0603K";"CAPACITOR, American symbol";"";"";"";"";"";"";"";"";"";"";"";"";"";"";"";"";"";"";
"C90";"NFM21PS106B0J3D";"NFM21PS";"NFM21PS";"";"";"";"";"";"";"";"";"";"";"";"";"";"";"";"";"";"";"";
"C91";"NFM21PS106B0J3D";"NFM21PS";"NFM21PS";"";"";"";"";"";"";"";"";"";"";"";"";"";"";"";"";"";"";"";
"C92";"470n";"C-USC0603K";"C0603K";"CAPACITOR, American symbol";"";"";"";"";"";"";"";"";"";"";"";"";"";"";"";"";"";"";
"C93";"470n";"C-USC0603K";"C0603K";"CAPACITOR, American symbol";"";"";"";"";"";"";"";"";"";"";"";"";"";"";"";"";"";"";
"C94";"NFM21PS106B0J3D";"NFM21PS";"NFM21PS";"";"";"";"";"";"";"";"";"";"";"";"";"";"";"";"";"";"";"";
"C95";"NFM21PS106B0J3D";"NFM21PS";"NFM21PS";"";"";"";"";"";"";"";"";"";"";"";"";"";"";"";"";"";"";"";
"C96";"470n";"C-USC0603K";"C0603K";"CAPACITOR, American symbol";"";"";"";"";"";"";"";"";"";"";"";"";"";"";"";"";"";"";
"C97";"470n";"C-USC0603K";"C0603K";"CAPACITOR, American symbol";"";"";"";"";"";"";"";"";"";"";"";"";"";"";"";"";"";"";
"C98";"NFM21PS106B0J3D";"NFM21PS";"NFM21PS";"";"";"";"";"";"";"";"";"";"";"";"";"";"";"";"";"";"";"";
"C99";"NFM21PS106B0J3D";"NFM21PS";"NFM21PS";"";"";"";"";"";"";"";"";"";"";"";"";"";"";"";"";"";"";"";
"C100";"650p";"C-USC0603K";"C0603K";"CAPACITOR, American symbol";"";"";"";"";"";"";"";"";"";"";"";"";"";"";"";"";"";"";
"C101";"4.2p";"C-USC0603K";"C0603K";"CAPACITOR, American symbol";"";"";"";"";"";"";"";"";"";"";"";"";"";"";"";"";"";"";
"C102";"650p";"C-USC0603K";"C0603K";"CAPACITOR, American symbol";"";"";"";"";"";"";"";"";"";"";"";"";"";"";"";"";"";"";
"C103";"650p";"C-USC0603K";"C0603K";"CAPACITOR, American symbol";"";"";"";"";"";"";"";"";"";"";"";"";"";"";"";"";"";"";
"C104";"1.3p";"C-USC0603K";"C0603K";"CAPACITOR, American symbol";"";"";"";"";"";"";"";"";"";"";"";"";"";"";"";"";"";"";
"C105";"650p";"C-USC0603K";"C0603K";"CAPACITOR, American symbol";"";"";"";"";"";"";"";"";"";"";"";"";"";"";"";"";"";"";
"C106";"4.2p";"C-USC0603K";"C0603K";"CAPACITOR, American symbol";"";"";"";"";"";"";"";"";"";"";"";"";"";"";"";"";"";"";
"C107";"650p";"C-USC0603K";"C0603K";"CAPACITOR, American symbol";"";"";"";"";"";"";"";"";"";"";"";"";"";"";"";"";"";"";
"C108";"650p";"C-USC0603K";"C0603K";"CAPACITOR, American symbol";"";"";"";"";"";"";"";"";"";"";"";"";"";"";"";"";"";"";
"C109";"100p";"C-USC0603K";"C0603K";"CAPACITOR, American symbol";"";"";"";"";"";"";"";"";"";"";"";"";"";"";"";"";"";"";
"C110";"100p";"C-USC0603K";"C0603K";"CAPACITOR, American symbol";"";"";"";"";"";"";"";"";"";"";"";"";"";"";"";"";"";"";
"C459";"";"NFM31PC276B0J3L";"NFM31PC276";"";"";"";"";"";"";"";"";"";"";"";"";"";"";"";"";"";"";"";
"C481";"33u";"C-USC1206K";"C1206K";"CAPACITOR, American symbol";"";"";"";"";"";"";"";"";"";"";"";"";"";"";"";"";"";"";
"C482";"33u";"C-USC1206K";"C1206K";"CAPACITOR, American symbol";"";"";"";"";"";"";"";"";"";"";"";"";"";"";"";"";"";"";
"C483";"EEE-FK1V470P";"CPOL-USD";"PANASONIC_D";"POLARIZED CAPACITOR, American symbol";"";"";"";"";"";"";"";"";"";"";"";"";"EEE-FK1V470P";"";"";"";"";"";
"C484";"EEE-FK1V470P";"CPOL-USD";"PANASONIC_D";"POLARIZED CAPACITOR, American symbol";"";"";"";"";"";"";"";"";"";"";"";"";"EEE-FK1V470P";"";"";"";"";"";
"C489";".1u 50V";"C-USC0603K";"C0603K";"CAPACITOR, American symbol";"";"";"";"";"";"";"";"";"";"";"";"";"";"";"";"";"";"";
"C490";".1u 50V";"C-USC0603K";"C0603K";"CAPACITOR, American symbol";"";"";"";"";"";"";"";"";"";"";"";"";"";"";"";"";"";"";
"C491";".1u 50V";"C-USC0603K";"C0603K";"CAPACITOR, American symbol";"";"";"";"";"";"";"";"";"";"";"";"";"";"";"";"";"";"";
"C492";".1u 50V";"C-USC0603K";"C0603K";"CAPACITOR, American symbol";"";"";"";"";"";"";"";"";"";"";"";"";"";"";"";"";"";"";
"C493";".1u 50V";"C-USC0603K";"C0603K";"CAPACITOR, American symbol";"";"";"";"";"";"";"";"";"";"";"";"";"";"";"";"";"";"";
"C500";"NFM41PC155B1E3";"NFM41PC155B1E3";"NFM1806";"Murata Feed Through Capacitor 1806 SMD";"6A";"";"";"";"";"";"";"";"";"";"";"";"";"";"";"";"1.5uF";"25VDC";
"IC1";"SCA-4-10+";"SCA-4-10+";"SCA-4-10+";"Surface Mount Power Splitter/Combiner";"";"Surface Mount Power Splitter/Combiner";"4.83mm";"";"Mini-Circuits";"SCA-4-10+";"";"";"";"";"";"";"";"";"";"";"";"";
"IC58";"LMZ31707RVQ";"LMZ31707RVQ";"RVQ";"";"";"";"";"";"";"";"";"";"";"";"";"";"";"";"";"";"";"";
"J1";"22-27-2021-02";"22-27-2021-02";"6410-02";"CONNECTOR";"";"";"";"";"";"";"";"";"";"";"unknown";"unknown";"";"";"";"";"";"";
"L1";"100n";"L-US1206";"C1206";"SMD Chip Inductor";"";"";"";"";"";"";"";"";"";"";"";"";"";"";"";"";"";"";
"L2";"56n";"L-US1206";"C1206";"SMD Chip Inductor";"";"";"";"";"";"";"";"";"";"";"";"";"";"";"";"";"";"";
"L3";"47n";"L-US1206";"C1206";"SMD Chip Inductor";"";"";"";"";"";"";"";"";"";"";"";"";"";"";"";"";"";"";
"L4";"100n";"L-US1206";"C1206";"SMD Chip Inductor";"";"";"";"";"";"";"";"";"";"";"";"";"";"";"";"";"";"";
"L5";"56n";"L-US1206";"C1206";"SMD Chip Inductor";"";"";"";"";"";"";"";"";"";"";"";"";"";"";"";"";"";"";
"L6";"47n";"L-US1206";"C1206";"SMD Chip Inductor";"";"";"";"";"";"";"";"";"";"";"";"";"";"";"";"";"";"";
"L7";"100n";"L-US1206";"C1206";"SMD Chip Inductor";"";"";"";"";"";"";"";"";"";"";"";"";"";"";"";"";"";"";
"L8";"56n";"L-US1206";"C1206";"SMD Chip Inductor";"";"";"";"";"";"";"";"";"";"";"";"";"";"";"";"";"";"";
"L9";"47n";"L-US1206";"C1206";"SMD Chip Inductor";"";"";"";"";"";"";"";"";"";"";"";"";"";"";"";"";"";"";
"L10";"100n";"L-US1206";"C1206";"SMD Chip Inductor";"";"";"";"";"";"";"";"";"";"";"";"";"";"";"";"";"";"";
"L11";"100n";"L-US1206";"C1206";"SMD Chip Inductor";"";"";"";"";"";"";"";"";"";"";"";"";"";"";"";"";"";"";
"L12";"100n";"L-US1206";"C1206";"SMD Chip Inductor";"";"";"";"";"";"";"";"";"";"";"";"";"";"";"";"";"";"";
"L13";"100n";"L-US1206";"C1206";"SMD Chip Inductor";"";"";"";"";"";"";"";"";"";"";"";"";"";"";"";"";"";"";
"L14";"100n";"L-US1206";"C1206";"SMD Chip Inductor";"";"";"";"";"";"";"";"";"";"";"";"";"";"";"";"";"";"";
"L15";"100n";"L-US1206";"C1206";"SMD Chip Inductor";"";"";"";"";"";"";"";"";"";"";"";"";"";"";"";"";"";"";
"L16";"1.2u";"L-US0603";"C0603K";"SMD Chip Inductor";"";"";"";"";"";"";"";"";"";"";"";"";"";"";"";"";"";"";
"L17";"3.9n";"L-US0603";"C0603K";"SMD Chip Inductor";"";"";"";"";"";"";"";"";"";"";"";"";"";"";"";"";"";"";
"L18";"100n";"L-US1206";"C1206";"SMD Chip Inductor";"";"";"";"";"";"";"";"";"";"";"";"";"";"";"";"";"";"";
"L19";"1.2u";"L-US0603";"C0603K";"SMD Chip Inductor";"";"";"";"";"";"";"";"";"";"";"";"";"";"";"";"";"";"";
"L20";"3.9u";"L-US0603";"C0603K";"SMD Chip Inductor";"";"";"";"";"";"";"";"";"";"";"";"";"";"";"";"";"";"";
"L21";"100n";"L-US1206";"C1206";"SMD Chip Inductor";"";"";"";"";"";"";"";"";"";"";"";"";"";"";"";"";"";"";
"L22";"100n";"L-US0603";"C0603K";"SMD Chip Inductor";"";"";"";"";"";"";"";"";"";"";"";"";"";"";"";"";"";"";
"L23";"1.2u";"L-US0603";"C0603K";"SMD Chip Inductor";"";"";"";"";"";"";"";"";"";"";"";"";"";"";"";"";"";"";
"L24";"3.9n";"L-US0603";"C0603K";"SMD Chip Inductor";"";"";"";"";"";"";"";"";"";"";"";"";"";"";"";"";"";"";
"L25";"1.2u";"L-US0603";"C0603K";"SMD Chip Inductor";"";"";"";"";"";"";"";"";"";"";"";"";"";"";"";"";"";"";
"L26";"3.9n";"L-US0603";"C0603K";"SMD Chip Inductor";"";"";"";"";"";"";"";"";"";"";"";"";"";"";"";"";"";"";
"L27";"3.9u";"L-US0603";"C0603K";"SMD Chip Inductor";"";"";"";"";"";"";"";"";"";"";"";"";"";"";"";"";"";"";
"L28";"100n";"L-US0603";"C0603K";"SMD Chip Inductor";"";"";"";"";"";"";"";"";"";"";"";"";"";"";"";"";"";"";
"L29";"1.2u";"L-US0603";"C0603K";"SMD Chip Inductor";"";"";"";"";"";"";"";"";"";"";"";"";"";"";"";"";"";"";
"L30";"3.9u";"L-US0603";"C0603K";"SMD Chip Inductor";"";"";"";"";"";"";"";"";"";"";"";"";"";"";"";"";"";"";
"L31";"BLM31PG121SN1L";"WE-CBF_1206";"1206";"SMD EMI Suppression Ferrite Beads";"";"";"";"32u";"";"";"";"";"";"";"";"";"";"";"";"";"";"";
"L32";"100n";"L-US0603";"C0603K";"SMD Chip Inductor";"";"";"";"";"";"";"";"";"";"";"";"";"";"";"";"";"";"";
"L33";"1.2u";"L-US0603";"C0603K";"SMD Chip Inductor";"";"";"";"";"";"";"";"";"";"";"";"";"";"";"";"";"";"";
"LDO_1";"TPS7A8101DRB";"TPS7A8101DRB";"DRB";"";"";"";"";"";"";"";"";"";"";"";"";"";"";"";"";"";"";"";
"LDO_2";"TPS7A8101DRB";"TPS7A8101DRB";"DRB";"";"";"";"";"";"";"";"";"";"";"";"";"";"";"";"";"";"";"";
"LDO_3";"TPS7A8101DRB";"TPS7A8101DRB";"DRB";"";"";"";"";"";"";"";"";"";"";"";"";"";"";"";"";"";"";"";
"LDO_4";"TPS7A8101DRB";"TPS7A8101DRB";"DRB";"";"";"";"";"";"";"";"";"";"";"";"";"";"";"";"";"";"";"";
"LDO_5";"TPS7A8101DRB";"TPS7A8101DRB";"DRB";"";"";"";"";"";"";"";"";"";"";"";"";"";"";"";"";"";"";"";
"LDO_6";"TPS7A8101DRB";"TPS7A8101DRB";"DRB";"";"";"";"";"";"";"";"";"";"";"";"";"";"";"";"";"";"";"";
"LDO_7";"TPS7A8101DRB";"TPS7A8101DRB";"DRB";"";"";"";"";"";"";"";"";"";"";"";"";"";"";"";"";"";"";"";
"LDO_8";"TPS7A8101DRB";"TPS7A8101DRB";"DRB";"";"";"";"";"";"";"";"";"";"";"";"";"";"";"";"";"";"";"";
"LDO_9";"TPS7A8101DRB";"TPS7A8101DRB";"DRB";"";"";"";"";"";"";"";"";"";"";"";"";"";"";"";"";"";"";"";
"LDO_10";"TPS7A8101DRB";"TPS7A8101DRB";"DRB";"";"";"";"";"";"";"";"";"";"";"";"";"";"";"";"";"";"";"";
"LDO_11";"TPS7A8101DRB";"TPS7A8101DRB";"DRB";"";"";"";"";"";"";"";"";"";"";"";"";"";"";"";"";"";"";"";
"LED1";"LTST-C170GKT";"LEDCHIPLED_0805";"CHIPLED_0805";"LED";"";"";"";"";"";"";"";"";"";"";"";"";"";"";"";"";"";"";
"LNA_1";"SPF-5043Z";"SPF-5043Z";"SPF-5043Z";"SPF-5043Z - 40 - 4000 MHZ LNA";"";"";"";"";"";"";"";"";"";"";"";"";"";"";"";"";"";"";
"LNA_2";"SPF-5043Z";"SPF-5043Z";"SPF-5043Z";"SPF-5043Z - 40 - 4000 MHZ LNA";"";"";"";"";"";"";"";"";"";"";"";"";"";"";"";"";"";"";
"LNA_3";"SPF-5043Z";"SPF-5043Z";"SPF-5043Z";"SPF-5043Z - 40 - 4000 MHZ LNA";"";"";"";"";"";"";"";"";"";"";"";"";"";"";"";"";"";"";
"LNA_4";"SPF-5043Z";"SPF-5043Z";"SPF-5043Z";"SPF-5043Z - 40 - 4000 MHZ LNA";"";"";"";"";"";"";"";"";"";"";"";"";"";"";"";"";"";"";
"LNA_5";"SPF-5043Z";"SPF-5043Z";"SPF-5043Z";"SPF-5043Z - 40 - 4000 MHZ LNA";"";"";"";"";"";"";"";"";"";"";"";"";"";"";"";"";"";"";
"LNA_6";"SPF-5043Z";"SPF-5043Z";"SPF-5043Z";"SPF-5043Z - 40 - 4000 MHZ LNA";"";"";"";"";"";"";"";"";"";"";"";"";"";"";"";"";"";"";
"LNA_7";"SPF-5043Z";"SPF-5043Z";"SPF-5043Z";"SPF-5043Z - 40 - 4000 MHZ LNA";"";"";"";"";"";"";"";"";"";"";"";"";"";"";"";"";"";"";
"LNA_8";"SPF-5043Z";"SPF-5043Z";"SPF-5043Z";"SPF-5043Z - 40 - 4000 MHZ LNA";"";"";"";"";"";"";"";"";"";"";"";"";"";"";"";"";"";"";
"LNA_9";"SPF-5043Z";"SPF-5043Z";"SPF-5043Z";"SPF-5043Z - 40 - 4000 MHZ LNA";"";"";"";"";"";"";"";"";"";"";"";"";"";"";"";"";"";"";
"LNA_10";"SPF-5043Z";"SPF-5043Z";"SPF-5043Z";"SPF-5043Z - 40 - 4000 MHZ LNA";"";"";"";"";"";"";"";"";"";"";"";"";"";"";"";"";"";"";
"LNA_11";"SPF-5043Z";"SPF-5043Z";"SPF-5043Z";"SPF-5043Z - 40 - 4000 MHZ LNA";"";"";"";"";"";"";"";"";"";"";"";"";"";"";"";"";"";"";
"R1";"14k";"R-US_R0603";"R0603";"RESISTOR, American symbol";"";"";"";"";"";"";"";"";"";"";"";"";"";"";"";"";"";"";
"R2";"52.3k";"R-US_R0603";"R0603";"RESISTOR, American symbol";"";"";"";"";"";"";"";"";"";"";"";"";"";"";"";"";"";"";
"R3";"10.0k";"R-US_R0603";"R0603";"RESISTOR, American symbol";"";"";"";"";"";"";"";"";"";"";"";"";"";"";"";"";"";"";
"R4";"68.1k";"R-US_R0603";"R0603";"RESISTOR, American symbol";"";"";"";"";"";"";"";"";"";"";"";"";"";"";"";"";"";"";
"R5";"50";"R-US_R0603";"R0603";"RESISTOR, American symbol";"";"";"";"";"";"";"";"";"";"";"";"";"";"";"";"";"";"";
"R6";"52.3k";"R-US_R0603";"R0603";"RESISTOR, American symbol";"";"";"";"";"";"";"";"";"";"";"";"";"";"";"";"";"";"";
"R7";"10.0k";"R-US_R0603";"R0603";"RESISTOR, American symbol";"";"";"";"";"";"";"";"";"";"";"";"";"";"";"";"";"";"";
"R8";"50";"R-US_R0603";"R0603";"RESISTOR, American symbol";"";"";"";"";"";"";"";"";"";"";"";"";"";"";"";"";"";"";
"R9";"52.3k";"R-US_R0603";"R0603";"RESISTOR, American symbol";"";"";"";"";"";"";"";"";"";"";"";"";"";"";"";"";"";"";
"R10";"10.0k";"R-US_R0603";"R0603";"RESISTOR, American symbol";"";"";"";"";"";"";"";"";"";"";"";"";"";"";"";"";"";"";
"R11";"50";"R-US_R0603";"R0603";"RESISTOR, American symbol";"";"";"";"";"";"";"";"";"";"";"";"";"";"";"";"";"";"";
"R12";"52.3k";"R-US_R0603";"R0603";"RESISTOR, American symbol";"";"";"";"";"";"";"";"";"";"";"";"";"";"";"";"";"";"";
"R13";"50";"R-US_R0603";"R0603";"RESISTOR, American symbol";"";"";"";"";"";"";"";"";"";"";"";"";"";"";"";"";"";"";
"R14";"10.0k";"R-US_R0603";"R0603";"RESISTOR, American symbol";"";"";"";"";"";"";"";"";"";"";"";"";"";"";"";"";"";"";
"R15";"50";"R-US_R0603";"R0603";"RESISTOR, American symbol";"";"";"";"";"";"";"";"";"";"";"";"";"";"";"";"";"";"";
"R16";"52.3k";"R-US_R0603";"R0603";"RESISTOR, American symbol";"";"";"";"";"";"";"";"";"";"";"";"";"";"";"";"";"";"";
"R17";"50";"R-US_R0603";"R0603";"RESISTOR, American symbol";"";"";"";"";"";"";"";"";"";"";"";"";"";"";"";"";"";"";
"R19";"10.0k";"R-US_R0603";"R0603";"RESISTOR, American symbol";"";"";"";"";"";"";"";"";"";"";"";"";"";"";"";"";"";"";
"R22";"52.3k";"R-US_R0603";"R0603";"RESISTOR, American symbol";"";"";"";"";"";"";"";"";"";"";"";"";"";"";"";"";"";"";
"R23";"10.0k";"R-US_R0603";"R0603";"RESISTOR, American symbol";"";"";"";"";"";"";"";"";"";"";"";"";"";"";"";"";"";"";
"R25";"52.3k";"R-US_R0603";"R0603";"RESISTOR, American symbol";"";"";"";"";"";"";"";"";"";"";"";"";"";"";"";"";"";"";
"R26";"10.0k";"R-US_R0603";"R0603";"RESISTOR, American symbol";"";"";"";"";"";"";"";"";"";"";"";"";"";"";"";"";"";"";
"R28";"52.3k";"R-US_R0603";"R0603";"RESISTOR, American symbol";"";"";"";"";"";"";"";"";"";"";"";"";"";"";"";"";"";"";
"R29";"10.0k";"R-US_R0603";"R0603";"RESISTOR, American symbol";"";"";"";"";"";"";"";"";"";"";"";"";"";"";"";"";"";"";
"R31";"52.3k";"R-US_R0603";"R0603";"RESISTOR, American symbol";"";"";"";"";"";"";"";"";"";"";"";"";"";"";"";"";"";"";
"R32";"10.0k";"R-US_R0603";"R0603";"RESISTOR, American symbol";"";"";"";"";"";"";"";"";"";"";"";"";"";"";"";"";"";"";
"R34";"52.3k";"R-US_R0603";"R0603";"RESISTOR, American symbol";"";"";"";"";"";"";"";"";"";"";"";"";"";"";"";"";"";"";
"R35";"10.0k";"R-US_R0603";"R0603";"RESISTOR, American symbol";"";"";"";"";"";"";"";"";"";"";"";"";"";"";"";"";"";"";
"R37";"52.3k";"R-US_R0603";"R0603";"RESISTOR, American symbol";"";"";"";"";"";"";"";"";"";"";"";"";"";"";"";"";"";"";
"R38";"10.0k";"R-US_R0603";"R0603";"RESISTOR, American symbol";"";"";"";"";"";"";"";"";"";"";"";"";"";"";"";"";"";"";
"R201";"560";"R-US_R0603";"R0603";"RESISTOR, American symbol";"";"";"";"";"";"";"";"";"";"";"";"";"";"";"";"";"";"";
"R205";"182";"R-US_R0603";"R0603";"RESISTOR, American symbol";"";"";"";"";"";"";"";"";"";"";"";"";"";"";"";"";"";"";
"R206";"53.6k";"R-US_R0603";"R0603";"RESISTOR, American symbol";"";"";"";"";"";"";"";"";"";"";"";"";"";"";"";"";"";"";
"SAW_1";"SXBP-140+";"SXBP-140+";"SXBP-140+";"";"";"";"";"";"";"";"";"";"";"";"";"";"";"";"";"";"";"";
"SAW_2";"TA147FD";"TA147FD";"TA147FD";"";"";"";"";"";"";"";"";"";"";"";"";"";"";"";"";"";"";"";
"SAW_3";"TA147FD";"TA147FD";"TA147FD";"";"";"";"";"";"";"";"";"";"";"";"";"";"";"";"";"";"";"";
"SAW_4";"TA147FD";"TA147FD";"TA147FD";"";"";"";"";"";"";"";"";"";"";"";"";"";"";"";"";"";"";"";
"SAW_5";"TA0576A";"TA0576A";"TA0576A";"SAW Filter 221.6 MHz SMD 5.0x5.0mm";"";"SAW Filter 221.6 MHz SMD 5.0x5.0mm";"1.7mm";"";"TAI-SAW Technology";"TA0576A";"";"";"";"";"";"";"";"";"";"";"";"";
"SAW_6";"TA0576A";"TA0576A";"TA0576A";"SAW Filter 221.6 MHz SMD 5.0x5.0mm";"";"SAW Filter 221.6 MHz SMD 5.0x5.0mm";"1.7mm";"";"TAI-SAW Technology";"TA0576A";"";"";"";"";"";"";"";"";"";"";"";"";
"SAW_7";"TA0576A";"TA0576A";"TA0576A";"SAW Filter 221.6 MHz SMD 5.0x5.0mm";"";"SAW Filter 221.6 MHz SMD 5.0x5.0mm";"1.7mm";"";"TAI-SAW Technology";"TA0576A";"";"";"";"";"";"";"";"";"";"";"";"";
"SAW_8";"TA0576A";"TA0576A";"TA0576A";"SAW Filter 221.6 MHz SMD 5.0x5.0mm";"";"SAW Filter 221.6 MHz SMD 5.0x5.0mm";"1.7mm";"";"TAI-SAW Technology";"TA0576A";"";"";"";"";"";"";"";"";"";"";"";"";
"SAW_9";"TA1914A";"TA1914A";"TA1914A";"TA1914A - 440MHz SAW Filter";"";"";"";"";"";"";"";"";"";"";"";"";"";"";"";"";"";"";
"SAW_10";"TA1914A";"TA1914A";"TA1914A";"TA1914A - 440MHz SAW Filter";"";"";"";"";"";"";"";"";"";"";"";"";"";"";"";"";"";"";
"SAW_11";"TA1914A";"TA1914A";"TA1914A";"TA1914A - 440MHz SAW Filter";"";"";"";"";"";"";"";"";"";"";"";"";"";"";"";"";"";"";
"SAW_12";"TA1914A";"TA1914A";"TA1914A";"TA1914A - 440MHz SAW Filter";"";"";"";"";"";"";"";"";"";"";"";"";"";"";"";"";"";"";
"TP10";"TPSQB1,27";"TPSQB1,27";"B1,27";"Test pad";"";"";"";"";"";"";"";"";"";"";"";"";"";"";"";"";"";"";
"TP_1";"TPTP20SQ";"TPTP20SQ";"TP20SQ";"Test pad";"";"";"";"";"";"";"";"";"";"";"";"";"";"";"";"";"";"";
"TP_2";"TPTP20SQ";"TPTP20SQ";"TP20SQ";"Test pad";"";"";"";"";"";"";"";"";"";"";"";"";"";"";"";"";"";"";
"TP_3";"TPTP20SQ";"TPTP20SQ";"TP20SQ";"Test pad";"";"";"";"";"";"";"";"";"";"";"";"";"";"";"";"";"";"";
"TP_4";"TPTP20SQ";"TPTP20SQ";"TP20SQ";"Test pad";"";"";"";"";"";"";"";"";"";"";"";"";"";"";"";"";"";"";
"TP_5";"TPTP20SQ";"TPTP20SQ";"TP20SQ";"Test pad";"";"";"";"";"";"";"";"";"";"";"";"";"";"";"";"";"";"";
"TP_6";"TPTP20SQ";"TPTP20SQ";"TP20SQ";"Test pad";"";"";"";"";"";"";"";"";"";"";"";"";"";"";"";"";"";"";
"TP_7";"TPTP20SQ";"TPTP20SQ";"TP20SQ";"Test pad";"";"";"";"";"";"";"";"";"";"";"";"";"";"";"";"";"";"";
"TP_8";"TPTP20SQ";"TPTP20SQ";"TP20SQ";"Test pad";"";"";"";"";"";"";"";"";"";"";"";"";"";"";"";"";"";"";
"TP_9";"TPTP20SQ";"TPTP20SQ";"TP20SQ";"Test pad";"";"";"";"";"";"";"";"";"";"";"";"";"";"";"";"";"";"";
"TP_10";"TPTP20SQ";"TPTP20SQ";"TP20SQ";"Test pad";"";"";"";"";"";"";"";"";"";"";"";"";"";"";"";"";"";"";
"TP_11";"TPTP20SQ";"TPTP20SQ";"TP20SQ";"Test pad";"";"";"";"";"";"";"";"";"";"";"";"";"";"";"";"";"";"";
"X1";"0733660061";"BU-SMA-V";"BU-SMA-V";"FEMALE SMA CONNECTOR";"";"";"";"";"";"";"";"";"";"";"";"";"";"";"";"";"";"";
"X2";"0733660061";"BU-SMA-V";"BU-SMA-V";"FEMALE SMA CONNECTOR";"";"";"";"";"";"";"";"";"";"";"";"";"";"";"";"";"";"";
"X3";"0733660061";"BU-SMA-V";"BU-SMA-V";"FEMALE SMA CONNECTOR";"";"";"";"";"";"";"";"";"";"";"";"";"";"";"";"";"";"";
"X4";"0733660061";"BU-SMA-V";"BU-SMA-V";"FEMALE SMA CONNECTOR";"";"";"";"";"";"";"";"";"";"";"";"";"";"";"";"";"";"";
"X5";"0733660061";"BU-SMA-V";"BU-SMA-V";"FEMALE SMA CONNECTOR";"";"";"";"";"";"";"";"";"";"";"";"";"";"";"";"";"";"";
"X6";"0733660061";"BU-SMA-V";"BU-SMA-V";"FEMALE SMA CONNECTOR";"";"";"";"";"";"";"";"";"";"";"";"";"";"";"";"";"";"";
"X7";"0733660061";"BU-SMA-V";"BU-SMA-V";"FEMALE SMA CONNECTOR";"";"";"";"";"";"";"";"";"";"";"";"";"";"";"";"";"";"";
"X8";"0733660061";"BU-SMA-V";"BU-SMA-V";"FEMALE SMA CONNECTOR";"";"";"";"";"";"";"";"";"";"";"";"";"";"";"";"";"";"";
"X9";"0733660061";"BU-SMA-V";"BU-SMA-V";"FEMALE SMA CONNECTOR";"";"";"";"";"";"";"";"";"";"";"";"";"";"";"";"";"";"";
"X10";"0733660061";"BU-SMA-V";"BU-SMA-V";"FEMALE SMA CONNECTOR";"";"";"";"";"";"";"";"";"";"";"";"";"";"";"";"";"";"";
"X11";"0733660061";"BU-SMA-V";"BU-SMA-V";"FEMALE SMA CONNECTOR";"";"";"";"";"";"";"";"";"";"";"";"";"";"";"";"";"";"";
"X12";"0733660061";"BU-SMA-V";"BU-SMA-V";"FEMALE SMA CONNECTOR";"";"";"";"";"";"";"";"";"";"";"";"";"";"";"";"";"";"";
"X13";"0733660061";"BU-SMA-V";"BU-SMA-V";"FEMALE SMA CONNECTOR";"";"";"";"";"";"";"";"";"";"";"";"";"";"";"";"";"";"";
"X14";"0733660061";"BU-SMA-V";"BU-SMA-V";"FEMALE SMA CONNECTOR";"";"";"";"";"";"";"";"";"";"";"";"";"";"";"";"";"";"";
"X15";"0733660061";"BU-SMA-V";"BU-SMA-V";"FEMALE SMA CONNECTOR";"";"";"";"";"";"";"";"";"";"";"";"";"";"";"";"";"";"";
"X16";"0733660061";"BU-SMA-V";"BU-SMA-V";"FEMALE SMA CONNECTOR";"";"";"";"";"";"";"";"";"";"";"";"";"";"";"";"";"";"";
"X17";"0733660061";"BU-SMA-V";"BU-SMA-V";"FEMALE SMA CONNECTOR";"";"";"";"";"";"";"";"";"";"";"";"";"";"";"";"";"";"";
"X18";"0733660061";"BU-SMA-V";"BU-SMA-V";"FEMALE SMA CONNECTOR";"";"";"";"";"";"";"";"";"";"";"";"";"";"";"";"";"";"";
"X19";"0733660061";"BU-SMA-V";"BU-SMA-V";"FEMALE SMA CONNECTOR";"";"";"";"";"";"";"";"";"";"";"";"";"";"";"";"";"";"";
"X20";"0733660061";"BU-SMA-V";"BU-SMA-V";"FEMALE SMA CONNECTOR";"";"";"";"";"";"";"";"";"";"";"";"";"";"";"";"";"";"";
"X21";"0733660061";"BU-SMA-V";"BU-SMA-V";"FEMALE SMA CONNECTOR";"";"";"";"";"";"";"";"";"";"";"";"";"";"";"";"";"";"";
"X22";"0733660061";"BU-SMA-V";"BU-SMA-V";"FEMALE SMA CONNECTOR";"";"";"";"";"";"";"";"";"";"";"";"";"";"";"";"";"";"";
"X23";"0733660061";"BU-SMA-V";"BU-SMA-V";"FEMALE SMA CONNECTOR";"";"";"";"";"";"";"";"";"";"";"";"";"";"";"";"";"";"";
"X24";"0733660061";"BU-SMA-V";"BU-SMA-V";"FEMALE SMA CONNECTOR";"";"";"";"";"";"";"";"";"";"";"";"";"";"";"";"";"";"";
"X25";"0733660061";"BU-SMA-V";"BU-SMA-V";"FEMALE SMA CONNECTOR";"";"";"";"";"";"";"";"";"";"";"";"";"";"";"";"";"";"";
"X26";"0733660061";"BU-SMA-V";"BU-SMA-V";"FEMALE SMA CONNECTOR";"";"";"";"";"";"";"";"";"";"";"";"";"";"";"";"";"";"";
"X27";"0733660061";"BU-SMA-V";"BU-SMA-V";"FEMALE SMA CONNECTOR";"";"";"";"";"";"";"";"";"";"";"";"";"";"";"";"";"";"";
"X28";"0733660061";"BU-SMA-V";"BU-SMA-V";"FEMALE SMA CONNECTOR";"";"";"";"";"";"";"";"";"";"";"";"";"";"";"";"";"";"";
"X29";"0733660061";"BU-SMA-V";"BU-SMA-V";"FEMALE SMA CONNECTOR";"";"";"";"";"";"";"";"";"";"";"";"";"";"";"";"";"";"";
"X30";"0733660061";"BU-SMA-V";"BU-SMA-V";"FEMALE SMA CONNECTOR";"";"";"";"";"";"";"";"";"";"";"";"";"";"";"";"";"";"";
"X33";"0733660061";"BU-SMA-V";"BU-SMA-V";"FEMALE SMA CONNECTOR";"";"";"";"";"";"";"";"";"";"";"";"";"";"";"";"";"";"";
